FileName,Target
Y157.JPG,1
Y6.jpg,1
Y194.jpg,1
Y180.jpg,1
Y90.jpg,1
Y47.JPG,1
Y53.jpg,1
Y52.jpg,1
Y46.jpg,1
Y91.jpg,1
Y85.JPG,1
Y181.jpg,1
Y195.JPG,1
Y7.jpg,1
Y156.JPG,1
Y168.jpg,1
Y154.jpg,1
Y183.jpg,1
Y78.jpg,1
Y50.JPG,1
Y44.JPG,1
Y45.JPG,1
Y51.jpg,1
Y79.jpg,1
Y86.JPG,1
Y92.jpg,1
Y92.png,1
Y182.JPG,1
Y155.JPG,1
Y4.jpg,1
Y169.jpg,1
Y186.jpg,1
Y192.JPG,1
Y96.jpg,1
Y82.jpg,1
Y55.jpg,1
Y41.jpg,1
Y69.jpg,1
Y40.JPG,1
Y54.jpg,1
Y97.JPG,1
Y193.JPG,1
Y187.jpg,1
Y1.jpg,1
Y3.jpg,1
Y146.JPG,1
Y185.jpg,1
Y81.jpg,1
Y95.jpg,1
Y42.jpg,1
Y56.jpg,1
Y184.JPG,1
Y2.jpg,1
Y147.JPG,1
Y153.jpg,1
Y108.jpg,1
Y120.JPG,1
Y242.JPG,1
Y256.JPG,1
Y18.JPG,1
Y24.jpg,1
Y30.jpg,1
Y31.jpg,1
Y25.jpg,1
Y19.JPG,1
Y257.jpg,1
Y243.JPG,1
Y109.JPG,1
Y255.JPG,1
Y33.jpg,1
Y27.jpg,1
Y26.jpg,1
Y32.jpg,1
Y254.jpg,1
Y250.jpg,1
Y244.JPG,1
Y36.JPG,1
Y22.jpg,1
Y23.JPG,1
Y37.jpg,1
Y245.jpg,1
Y251.JPG,1
Y247.JPG,1
Y253.JPG,1
Y21.jpg,1
Y35.jpg,1
Y34.jpg,1
Y20.jpg,1
Y252.jpg,1
Y246.JPG,1
Y115.JPG,1
Y101.jpg,1
Y39.jpg,1
Y11.jpg,1
Y10.jpg,1
Y38.jpg,1
Y100.JPG,1
Y114.JPG,1
Y102.jpg,1
Y116.JPG,1
Y248.JPG,1
Y12.jpg,1
Y13.jpg,1
Y249.JPG,1
Y117.JPG,1
Y103.jpg,1
Y107.jpg,1
Y113.JPG,1
Y259.JPG,1
Y17.jpg,1
Y16.JPG,1
Y258.JPG,1
Y112.JPG,1
Y106.jpg,1
Y104.jpg,1
Y14.jpg,1
Y28.jpg,1
Y29.jpg,1
Y15.jpg,1
Y105.jpg,1
Y111.JPG,1
Y162.jpg,1
Y99.JPG,1
Y66.JPG,1
Y73.jpg,1
Y67.JPG,1
Y98.JPG,1
Y188.jpg,1
Y163.JPG,1
Y161.JPG,1
Y59.JPG,1
Y71.JPG,1
Y65.JPG,1
Y70.jpg,1
Y58.JPG,1
Y160.JPG,1
Y148.JPG,1
Y164.JPG,1
Y170.JPG,1
Y158.JPG,1
Y9.jpg,1
Y74.jpg,1
Y60.jpg,1
Y49.JPG,1
Y61.jpg,1
Y75.JPG,1
Y8.jpg,1
Y159.JPG,1
Y165.JPG,1
Y167.JPG,1
Y77.jpg,1
Y76.jpg,1
Y62.jpg,1
Y89.JPG,1
Y166.JPG,1
30 no.jpg,0
22 no.jpg,0
41 no.jpg,0
14 no.jpg,0
no 10.jpg,0
18 no.jpg,0
no 9.png,0
no 7.jpeg,0
no 8.jpg,0
no.jpg,0
3 no.jpg,0
43 no.jpg,0
20 no.jpg,0
32 no.jpg,0
2 no.jpeg,0
N15.jpg,0
no 99.jpg,0
no 98.jpg,0
No11.jpg,0
7 no.jpg,0
12 no.jpg,0
No13.jpg,0
44no.jpg,0
N16.jpg,0
N17.jpg,0
28 no.jpg,0
36 no.jpg,0
No12.jpg,0
47 no.jpg,0
24 no.jpg,0
No16.jpg,0
10 no.jpg,0
26 no.jpg,0
45 no.jpg,0
no 923.jpg,0
38 no.jpg,0
No17.jpg,0
49 no.jpg,0
34 no.jpg,0
1 no.jpeg,0
no 100.jpg,0
No15.jpg,0
5 no.jpg,0
N11.jpg,0
no 89.jpg,0
No14.jpg,0
9 no.jpg,0
No19.jpg,0
no 90.jpg,0
N20.JPG,0
N21.jpg,0
No18.jpg,0
15 no.jpg,0
19 no.jpg,0
N22.JPG,0
no 92.jpg,0
31 no.jpg,0
40 no.jpg,0
23 no.jpg,0
17 no.jpg,0
N26.JPG,0
no 96.jpg,0
no 97.jpg,0
21 no.jpg,0
42 no.jpg,0
No22.jpg,0
33 no.jpg,0
50 no.jpg,0
No20.jpg,0
no 95.jpg,0
N19.JPG,0
no 94.jpg,0
No21.jpg,0
37 no.jpg,0
N6.jpg,0
29 no.jpg,0
25 no.jpg,0
no 91.jpeg,0
no 3.jpg,0
46 no.jpg,0
no 2.jpg,0
13 no.jpg,0
N5.jpg,0
6 no.jpg,0
no 1.jpg,0
no 5.jpeg,0
4 no.jpg,0
8 no.jpg,0
no 4.jpg,0
N1.JPG,0
39 no.jpg,0
N3.jpg,0
27 no.jpg,0
35 no.jpg,0
no 6.jpg,0
48 no.jpeg,0
11 no.jpg,0
N2.JPG,0
